Name,Visible,Description,SignatureAbility,ClassFeats,ClassPowers,ClassSkills
Jedi Guardian,TRUE,This Jedi battles against the forces of evil and the dark side. They focus on combat training and masterful use of the lightsaber.,,Quick Form Swapping;Form I: Shii-Cho (Determination),Valor,Athletics;Grit;Discipline;Awareness;Intimidation
Jedi Consular,TRUE,This Jedi seeks to bring balance to the universe. They focus less on physical combat and more on mental disciplines in order to augment their mastery of the Force.,,Force Channel;Form I: Shii-Cho (Determination),Cure,Medicine;Persuade;History;Awareness;Coordination
Jedi Sentinel,TRUE,"This Jedi ferrets out deceit and injustice, bringing it to light. They strike a balance between the physical and mental disciplines of the Jedi Order.",,Form I: Shii-Cho (Determination),Camouflage,Security;Stealth;Deception;Investigation;Streetwise;Computer use;Piloting (Space);Awareness
Scoundrel,FALSE,"Scoundrels survive through wit and guile, traits that sometimes place them on the wrong side of the law. Intelligence, Dexterity, and Charisma are the trademarks of a scoundrel.",,Uncanny Dodge I,,Security;Stealth;Deception;Investigation;Streetwise;Persuade;Piloting (Space);Awareness
Scout,FALSE,"Scouts are explorers, trained to understand their surroundings and how to survive in them. Dexterity, Intelligence, and Wisdom are the most important abilities of a scout.",,,,
Soldier,FALSE,"Soldiers are masters of combat in all its forms, believing that the best way to survive a fight is to win it. Dexterity, Constitution, and Strength are key to an effective soldier.",,Armor Proficiency Light;Armor Proficiency Medium,,Athletics;Grit;Discipline;Awareness;Intimidation
Combat Droid,FALSE,"Combat Droids come in all shapes and sizes. Programmed essentially for combat purposes, they nonetheless possess an emotional matrix, allowing them the ability to interact normally with organic meat bags such as humans and twi'lek.",,,,
Expert Droid,FALSE,"Expert Droids are mainly used by governments and independent agencies for espionage purposes: slicing, security and intelligence gathering. They are highly adaptable, and can be used in combat situations as well.",,,,
Sith Warrior,TRUE,"Seek strength in war and rage. Born for battle, few opponents can withstand the rage-fueled blows from a warrior's lightsaber.",,Quick Form Swapping;Form I: Shii-Cho (Determination),Choke,Athletics;Grit;Discipline;Awareness;Intimidation
Sith Sorcerer,TRUE,"The Dark Side holds dangerous secrets – and immense strength for those who dare to uncover them. Recognize what strength is, and bring that strength to those that follow you… and those that defy you.",,Force Channel;Form I: Shii-Cho (Determination),Shock,Medicine;Persuade;History;Awareness;Coordination
Sith Assassin,TRUE,"The ways of darkness and shadow, the power that comes from striking unseen and sensing weaknesses in others… the ways of the assassins of the Sith.",,Form I: Shii-Cho (Determination),Camouflage,Security;Stealth;Deception;Investigation;Streetwise;Computer use;Piloting (Space);Awareness